Название,Год,Жанр,Тип
13-я клиническая,2022,Комедия,Сериал
1703,2022,Детектив,Сериал
Алиса не может ждать,2022,Мелодрама,Фильм
блеск,2022,Драма,Сериал
бывшие,2019,Драма,Сериал
вампиры средней полосы,2021,Комедия,Сериал
вампиры средней полосы 2 сезон,2022,Комедия,Сериал
вампиры средней полосы новогодний выпуск,2022,Комедия,Фильм
горемыки,2022,Комедия,Сериал
горько,2013,Комедия,Фильм
горько 2,2014,Комедия,Фильм
гусар,2020,Комедия,Сериал
два холма,2022,Комедия,Сериал
деффчонки,2012,Комедия,Сериал
дракулов,2022,Комедия,Сериал
дуэлянт,2016,Драма,Фильм
дылды 2 сезон,2021,Комедия,Сериал
жиза,2022,Комедия,Сериал
жмурки,2005,Комедия,Фильм
и снова здравствуйте,2021,Комедия,Сериал
иванько,2021,Комедия,Сериал
игра на выживание,2020,Триллер,Сериал
идентификация,2022,Детектив,Сериал
измены,2015,Драма,Сериал
интерны (1 сезон),2010,Комедия,Сериал
исправление и наказание,2022,Комедия,Сериал
камбэк,2020,Комедия,Сериал
капельник,2021,Комедия,Фильм
карп отмороженный,2017,Комедия,Фильм
кафе куба,2022,Комедия,Сериал
каберпапа,2023,Комедия,Сериал
колл-центр,2020,Триллер,Сериал
конец света,2022,Комедия,Сериал
контакт,2021,Драма,Сериал
контейнер,2021,Драма,Сериал
левиафан,2014,Драма,Фильм
лед,2018,Мелодрама,Фильм
люся,2022,Драма,Сериал
мир дружба жвачка,2020,Драма,Сериал
мир дружба жвачка 2 сезон,2021,Драма,Сериал
медиатор,2019,Детектив,Сериал
метод,2015,Детектив,Сериал
многоэтажка,2022,Драма,Сериал
молодежка,2013,Спорт,Сериал
молодой человек,2022,Комедия,Фильм
нежность,2020,Мелодрама,Сериал
непослушник 2,2022,Комедия,Фильм
нереалити,2022,Драма,Сериал
оливье и роботы,2023,Комедия,Сериал
остаться друзьями,2022,Комедия,Сериал
оттепель,2013,Драма,Сериал
пассажиры,2021,Драма,Сериал
первый класс,2022,Драма,Сериал
перевал дятлова,2020,Драма,Сериал
погнали,2022,Комедия,Сериал
подслушано в рыбинске,2022,Комедия,Сериал
полет,2022,Драма,Сериал
против всех,2022,Комедия,Сериал
психологини,2022,Комедия,Сериал
разрешите обратиться,2022,Комедия,Сериал
райцентр,2021,Драма,Сериал
родком,2018,Комедия,Сериал
русская кибер деревня,2023,Комедия,Сериал
сама дура 2 сезон,2022,Комедия,Сериал
самый лучший денб,2015,Комедия,Фильм
семейный бюджет,2021,Комедия,Фильм
сестры,2022,Драма,Сериал
секреты супружеской жизни,2022,Мелодрама,Сериал
статский советник,2005,Детектив,Фильм
сто раз замужем,2022,Мелодрама,Фильм
тетя марта,2022,Комедия,Сериал
толя робот,2022,Комедия,Сериал
тряпичный союз,2015,Драма,Фильм
тысяча дешевых зажигалок,2022,Драма,Сериал
улица шекспира,2022,Драма,Сериал
фишер,2023,Детектив,Сериал
холоп,2019,Комедия,Фильм
хороший мальчик,2016,Комедия,Фильм
черная весна,2022,Драма,Сериал
эпидемия,2019,Драма,Сериал
я худею,2018,Комедия,Фильм
Кибер деревня. Ижевск дайнемикс,2023,Комедия,Сериал